{"Train/Acc": 0.09993990384615385, "round": 0, "_runtime": 448, "_timestamp": 1621855307, "_step": 3, "Train/Loss": 2.5984939021941944, "Test/Acc": 0.10096153846153846, "Test/Loss": 2.5396365997118826}