{"Train/Acc": 0.7571113782051282, "round": 9, "_runtime": 6823, "_timestamp": 1621872480, "_step": 39, "Train/Loss": 0.7030755911882107, "Test/Acc": 0.7897636217948718, "Test/Loss": 0.5983295163665062}