{"Train/Acc": 0.6274639423076923, "round": 9, "_runtime": 4234, "_timestamp": 1621860095, "_step": 39, "Train/Loss": 1.0492662482536756, "Test/Acc": 0.6567508012820513, "Test/Loss": 0.9664955723744172}