{"Train/Acc": 0.7287059294871795, "round": 9, "_runtime": 3084, "_timestamp": 1621878391, "_step": 39, "Train/Loss": 0.7823545053601265, "Test/Acc": 0.7757411858974359, "Test/Loss": 0.6562237405242064}