{"Train/Acc": 0.5614182692307692, "round": 9, "_runtime": 3203, "_timestamp": 1621882938, "_step": 39, "Train/Loss": 1.3796555927166572, "Test/Acc": 0.5923477564102564, "Test/Loss": 1.3282186121512682}